2020-10-25 23:45:11,"b'RT @anibalacevedo: Mientras Puerto Rico sufr\xc3\xada los estragos del Hurac\xc3\xa1n Mar\xc3\xada, Jenniffer Gonz\xc3\xa1lez se entreg\xc3\xb3 a la \xe2\x80\x98dolce vita\xe2\x80\x99 con miles de\xe2\x80\xa6'"
2020-10-25 23:37:47,"b'RT @anibalacevedo: Mientras Puerto Rico sufr\xc3\xada los estragos del Hurac\xc3\xa1n Mar\xc3\xada, Jenniffer Gonz\xc3\xa1lez se entreg\xc3\xb3 a la \xe2\x80\x98dolce vita\xe2\x80\x99 con miles de\xe2\x80\xa6'"
2020-10-25 23:18:10,b'@horusbuto @donfelixSPM Entonces me imagino que los desastres naturales tambi\xc3\xa9n es son problemas de los gobernadore\xe2\x80\xa6 https://t.co/MIC3TqOBrE'
2020-10-25 23:00:18,"b'@DronChinita @DeborahTiempo @normandoh @NoticentroWAPA @MaritzaWAPA Situaci\xc3\xb3n de emergencia, deslizamiento en urb c\xe2\x80\xa6 https://t.co/o11ENoOmki'"
2020-10-25 22:48:12,"b'@NoticentroWAPA Ahora, deslizamiento en Urb Colinas del Gigante en Adjuntas, vida y propiedad en peligro, es urgent\xe2\x80\xa6 https://t.co/aYDOTM9v8Z'"
2020-10-25 22:18:59,b'\xe2\x99\xbb\xef\xb8\x8f El observatorio de Arecibo vuelve a la vida tras el hurac\xc3\xa1n Mar\xc3\xada... https://t.co/QxlEfx46EY'
2020-10-25 21:58:54,b'@beatrizrossello @ricardorossello Crees que nos vamos a olvidar que encima de tu cabeza y la de tu incompetente y c\xe2\x80\xa6 https://t.co/mkAu8XHMUL'
2020-10-25 21:23:22,"b'RT @VillafanePR: \xc2\xa1La Perla del Sur se recontruye! Hoy estuve acompa\xc3\xb1ando a la alcaldesa de Ponce, @mayitaalcaldesa, quien present\xc3\xb3 su plan\xe2\x80\xa6'"
2020-10-25 21:01:09,b'Prohibido olvidar hurac\xc3\xa1n Maria https://t.co/RhZhOmhAZo'
2020-10-25 19:51:55,b'RT @photoxabo: Foto tomada ayer mientras sobrevolaba por Ceiba. Se observaba (a\xc3\xban) las botellas de agua donadas luego paso del Hurac\xc3\xa1n Mari\xe2\x80\xa6'
2020-10-25 19:49:00,b'RT @photoxabo: Foto tomada ayer mientras sobrevolaba por Ceiba. Se observaba (a\xc3\xban) las botellas de agua donadas luego paso del Hurac\xc3\xa1n Mari\xe2\x80\xa6'
2020-10-25 19:33:46,b'RT @Metro_PR: Mientras Puerto Rico sufr\xc3\xada los estragos del hurac\xc3\xa1n Mar\xc3\xada. \nhttps://t.co/l70PIn8KOi'
2020-10-25 19:30:14,b'Mientras Puerto Rico sufr\xc3\xada los estragos del hurac\xc3\xa1n Mar\xc3\xada. \nhttps://t.co/l70PIn8KOi'
2020-10-25 18:28:29,"b'@GioBosche @Ericpr40 Este pa\xc3\xads no vas hechar palante, si eso es cierto, un chorro de charlatanes y todav\xc3\xada esa gent\xe2\x80\xa6 https://t.co/vlyvOwdt2u'"
2020-10-25 18:14:59,b'@titaguerrero @cheboricua @FunkyJoeElCirco @elgangster @elcircodelamega TBS.  No quer\xc3\xada esperar hasta el jueves \xe2\x98\xba\xef\xb8\x8f\xe2\x80\xa6 https://t.co/My5njZXX0q'
2020-10-25 17:53:41,b'@Mariampinog Nunca me ha gustado el regueton y fui en Orlando al concierto por lo del hurac\xc3\xa1n Maria que destruy\xc3\xb3 a\xe2\x80\xa6 https://t.co/gm44lfijfT'
2020-10-25 17:35:51,"b'El es Oreo, pero mi pap\xc3\xa1 le llama Bolitas (ya se imaginar\xc3\xa1n por qu\xc3\xa9)\nLleg\xc3\xb3 a #LaFincaIsabela al d\xc3\xada siguiente del a\xe2\x80\xa6 https://t.co/DMjZJJRoA2'"
2020-10-25 17:33:59,b'Preocupante aumento en maltrato y abandono de envejecientes tras el hurac\xc3\xa1n Mar\xc3\xada \xe2\x80\xa2 WIPR https://t.co/BPPz0oNbMe'
2020-10-25 17:21:55,"b'RT @nicolasmunozpr: $49,400 millones asignados por FEMA tras el Hurac\xc3\xa1n Mar\xc3\xada para reconstrucci\xc3\xb3n de infraestructura: \xc2\xbfllegar\xc3\xadan en un PR s\xe2\x80\xa6'"
2020-10-25 16:58:01,b'A 8 d\xc3\xadas para las \xe2\x80\x9cElecciones en PR 2020\xe2\x80\x9d este \xe2\x80\x9cpost\xe2\x80\x9d lo escrib\xc3\xad inspirado en tiempos post #Hurac\xc3\xa1n #Mar\xc3\xada pero pie\xe2\x80\xa6 https://t.co/0mdDlvuq4r'
2020-10-25 16:13:30,"b'RT @anibalacevedo: Mientras Puerto Rico sufr\xc3\xada los estragos del Hurac\xc3\xa1n Mar\xc3\xada, Jenniffer Gonz\xc3\xa1lez se entreg\xc3\xb3 a la \xe2\x80\x98dolce vita\xe2\x80\x99 con miles de\xe2\x80\xa6'"
2020-10-25 16:12:30,"b'RT @anibalacevedo: Mientras Puerto Rico sufr\xc3\xada los estragos del Hurac\xc3\xa1n Mar\xc3\xada, Jenniffer Gonz\xc3\xa1lez se entreg\xc3\xb3 a la \xe2\x80\x98dolce vita\xe2\x80\x99 con miles de\xe2\x80\xa6'"
2020-10-25 16:08:24,"b'RT @anibalacevedo: Mientras Puerto Rico sufr\xc3\xada los estragos del Hurac\xc3\xa1n Mar\xc3\xada, Jenniffer Gonz\xc3\xa1lez se entreg\xc3\xb3 a la \xe2\x80\x98dolce vita\xe2\x80\x99 con miles de\xe2\x80\xa6'"
2020-10-25 16:07:19,"b'Mientras Puerto Rico sufr\xc3\xada los estragos del Hurac\xc3\xa1n Mar\xc3\xada, Jenniffer Gonz\xc3\xa1lez se entreg\xc3\xb3 a la \xe2\x80\x98dolce vita\xe2\x80\x99 con mil\xe2\x80\xa6 https://t.co/7Ok5FTm6h5'"
2020-10-25 16:02:36,b'RT @pedropierluisi: Nuestra gente no puede esperar m\xc3\xa1s. Voy a asegurarme de que se materialicen y se inviertan debidamente todos los fondos\xe2\x80\xa6'
2020-10-25 15:33:39,b'@MUDDLAW Lo que no se puede olvidar y perdonar es como el PNP de turno reparti\xc3\xb3 $$$$ a mansalva a sus amigos del al\xe2\x80\xa6 https://t.co/mIfgVF7a4s'
2020-10-25 14:53:55,"b'""Cuando un hurac\xc3\xa1n devasta a Puerto Rico, se supone que un presidente debe ayudarlo a reconstruir, no tirar toallas\xe2\x80\xa6 https://t.co/qW0SxnAuPG'"
2020-10-25 14:23:23,"b'RT @PanchoMoncho: QU\xc3\x89 DESASTRE, SON PEORES QUE EL HURAC\xc3\x81N MARIA, abre los ojos \xf0\x9f\x91\x80\xf0\x9f\x91\x80\xf0\x9f\x91\x80\xf0\x9f\x91\x80\xf0\x9f\x91\x80\xf0\x9f\x91\x80\xf0\x9f\x91\x80\xf0\x9f\x91\x80\xf0\x9f\x91\x80\xf0\x9f\x91\x80\xf0\x9f\x91\x80\xf0\x9f\x91\x80\xf0\x9f\x91\x80\xf0\x9f\x91\x80\xf0\x9f\x91\x80\xf0\x9f\x91\x80\xf0\x9f\x91\x80\xf0\x9f\x91\x80\xf0\x9f\x91\x80\xf0\x9f\x91\x80\xf0\x9f\x91\x80\xf0\x9f\x91\x80\xf0\x9f\x91\x80 https://t.co/ieehyJt6F9'"
2020-10-25 12:33:42,"b'@ElNuevoDia No olvido. Hurac\xc3\xa1n Maria. Cuantas veces visito a los hu\xc3\xa9rfanos, enfermos, ancianos o viudos(a).  Memori\xe2\x80\xa6 https://t.co/TioSb39pfU'"
2020-10-25 11:42:27,b'@normandoh Estamos perdiendo el tiempo. Si la navidades para el Hurac\xc3\xa1n Maria fueron triste est\xc3\xa1 van hacer peor. El\xe2\x80\xa6 https://t.co/ecf74zAyBv'
2020-10-25 10:55:28,b'@drcorazon2016 @POTUS44 @BarackObama Los que vivimos el huracan Maria sabemos que trump lo \xc3\xbanico que hizo fue burla\xe2\x80\xa6 https://t.co/k7XxGtoHBM'
2020-10-25 10:50:12,b'\xe2\x99\xbb\xef\xb8\x8f El observatorio de Arecibo vuelve a la vida tras el hurac\xc3\xa1n Mar\xc3\xada... https://t.co/1hsHRlWjQg'
2020-10-25 05:52:04,b'\xe2\x99\xbb\xef\xb8\x8f El observatorio de Arecibo vuelve a la vida tras el hurac\xc3\xa1n Mar\xc3\xada... https://t.co/eeb0xfa4Wh'
2020-10-25 05:40:34,"b'QU\xc3\x89 DESASTRE, SON PEORES QUE EL HURAC\xc3\x81N MARIA, abre los ojos \xf0\x9f\x91\x80\xf0\x9f\x91\x80\xf0\x9f\x91\x80\xf0\x9f\x91\x80\xf0\x9f\x91\x80\xf0\x9f\x91\x80\xf0\x9f\x91\x80\xf0\x9f\x91\x80\xf0\x9f\x91\x80\xf0\x9f\x91\x80\xf0\x9f\x91\x80\xf0\x9f\x91\x80\xf0\x9f\x91\x80\xf0\x9f\x91\x80\xf0\x9f\x91\x80\xf0\x9f\x91\x80\xf0\x9f\x91\x80\xf0\x9f\x91\x80\xf0\x9f\x91\x80\xf0\x9f\x91\x80\xf0\x9f\x91\x80\xf0\x9f\x91\x80\xf0\x9f\x91\x80 https://t.co/ieehyJt6F9'"
2020-10-25 03:58:54,b'RT @MauVila: Aqu\xc3\xad les platico sobre los apoyos que estamos entregando en coordinaci\xc3\xb3n con la @SEDENAmx a familias afectadas por la tormenta\xe2\x80\xa6'
2020-10-25 03:01:15,"b'RT @RenanBarrera: Con el programa M\xc3\xa9dico a Domicilio, podemos ayudar a las y los afectados por el hurac\xc3\xa1n #Delta. Visitamos la comisar\xc3\xada de\xe2\x80\xa6'"
2020-10-25 03:01:13,"b'RT @RenanBarrera: Con el programa M\xc3\xa9dico a Domicilio, podemos ayudar a las y los afectados por el hurac\xc3\xa1n #Delta. Visitamos la comisar\xc3\xada de\xe2\x80\xa6'"
2020-10-25 03:01:12,"b'RT @RenanBarrera: Con el programa M\xc3\xa9dico a Domicilio, podemos ayudar a las y los afectados por el hurac\xc3\xa1n #Delta. Visitamos la comisar\xc3\xada de\xe2\x80\xa6'"
2020-10-25 03:01:10,"b'RT @RenanBarrera: Con el programa M\xc3\xa9dico a Domicilio, podemos ayudar a las y los afectados por el hurac\xc3\xa1n #Delta. Visitamos la comisar\xc3\xada de\xe2\x80\xa6'"
2020-10-25 03:01:08,"b'RT @RenanBarrera: Con el programa M\xc3\xa9dico a Domicilio, podemos ayudar a las y los afectados por el hurac\xc3\xa1n #Delta. Visitamos la comisar\xc3\xada de\xe2\x80\xa6'"
2020-10-25 03:01:04,"b'RT @RenanBarrera: Con el programa M\xc3\xa9dico a Domicilio, podemos ayudar a las y los afectados por el hurac\xc3\xa1n #Delta. Visitamos la comisar\xc3\xada de\xe2\x80\xa6'"
2020-10-25 03:01:02,"b'RT @RenanBarrera: Con el programa M\xc3\xa9dico a Domicilio, podemos ayudar a las y los afectados por el hurac\xc3\xa1n #Delta. Visitamos la comisar\xc3\xada de\xe2\x80\xa6'"
2020-10-25 03:01:01,"b'RT @RenanBarrera: Con el programa M\xc3\xa9dico a Domicilio, podemos ayudar a las y los afectados por el hurac\xc3\xa1n #Delta. Visitamos la comisar\xc3\xada de\xe2\x80\xa6'"
2020-10-25 03:00:59,"b'RT @RenanBarrera: Con el programa M\xc3\xa9dico a Domicilio, podemos ayudar a las y los afectados por el hurac\xc3\xa1n #Delta. Visitamos la comisar\xc3\xada de\xe2\x80\xa6'"
2020-10-25 01:40:54,b'@Metro_PR Cu\xc3\xa1l hurac\xc3\xa1n?: Mar\xc3\xada o Promesa?'
2020-10-25 01:31:00,"b'RT @RenanBarrera: Con el programa M\xc3\xa9dico a Domicilio, podemos ayudar a las y los afectados por el hurac\xc3\xa1n #Delta. Visitamos la comisar\xc3\xada de\xe2\x80\xa6'"
2020-10-25 01:18:40,"b'RT @RenanBarrera: Con el programa M\xc3\xa9dico a Domicilio, podemos ayudar a las y los afectados por el hurac\xc3\xa1n #Delta. Visitamos la comisar\xc3\xada de\xe2\x80\xa6'"
2020-10-25 00:00:18,"b'Con el programa M\xc3\xa9dico a Domicilio, podemos ayudar a las y los afectados por el hurac\xc3\xa1n #Delta. Visitamos la comisa\xe2\x80\xa6 https://t.co/XThfiycJNo'"
2020-10-24 21:35:03,b'RT @__mlndz__: Con qu\xc3\xa9 cara se atreve Paco L\xc3\xb3pez a pasearse por Barranquitas en una caravana cuando luego del paso del hurac\xc3\xa1n Mar\xc3\xada dej\xc3\xb3 a\xe2\x80\xa6'
2020-10-24 20:55:25,b'Con qu\xc3\xa9 cara se atreve Paco L\xc3\xb3pez a pasearse por Barranquitas en una caravana cuando luego del paso del hurac\xc3\xa1n Mar\xe2\x80\xa6 https://t.co/5J0sIj9Q7e'
2020-10-24 20:45:20,b'Hurac\xc3\xa1n-Mar\xc3\xada Jos\xc3\xa9 Montijo https://t.co/bjdsoudWYR via @YouTube'
2020-10-24 20:23:56,b'\xe2\x99\xbb\xef\xb8\x8f El observatorio de Arecibo vuelve a la vida tras el hurac\xc3\xa1n Mar\xc3\xada... https://t.co/cmtWYjqGNM'
2020-10-24 17:19:37,b'PUEBLO SIN HURACAN MARIA SIN TERREMOTOS SIN TORMENTAS Y SIN PADEMIA ESTE ES EL PPD QUEREMOS MAS https://t.co/d0M7ZMIbx3'
2020-10-24 14:57:36,b'\xe2\x99\xbb\xef\xb8\x8f El observatorio de Arecibo vuelve a la vida tras el hurac\xc3\xa1n Mar\xc3\xada... https://t.co/k6mFXarub6'
2020-10-24 14:06:47,"b'RT @DavilaEcruz: El hurac\xc3\xa1n Mar\xc3\xada acab\xc3\xb3 con estas obreras de la vida. Luego de tres a\xc3\xb1os las veo regresar igual de majestuosas, trabajadora\xe2\x80\xa6'"
2020-10-24 14:05:54,"b'El hurac\xc3\xa1n Mar\xc3\xada acab\xc3\xb3 con estas obreras de la vida. Luego de tres a\xc3\xb1os las veo regresar igual de majestuosas, trab\xe2\x80\xa6 https://t.co/LkChlxFg9M'"
2020-10-24 13:43:41,b'RT @scollazopr: El tipo que me bloque\xc3\xb3 cuando le cuestione porque no pas\xc3\xb3 por Cupey despu\xc3\xa9s del Hurac\xc3\xa1n Maria. Nunca lo he visto por Cupey.\xe2\x80\xa6'
2020-10-24 13:11:04,b'El tipo que me bloque\xc3\xb3 cuando le cuestione porque no pas\xc3\xb3 por Cupey despu\xc3\xa9s del Hurac\xc3\xa1n Maria. Nunca lo he visto po\xe2\x80\xa6 https://t.co/2zVf4syeAY'
2020-10-24 13:01:13,"b'RT @Alan_Britto_: \xf0\x9f\x9a\xa8 @FBISanJuan ALERT\nTe preguntas por qu\xc3\xa9 las carreteras, derrumbes, puentes, escuelas, hospitales, facilidades deportivas\xe2\x80\xa6'"
2020-10-24 12:44:33,b'@Sr_Tableta Te entiendo perfectamente. Yo llegue a tener 4 trabajos part-time para salir del boquete. Era un esclav\xe2\x80\xa6 https://t.co/Viv6xujYjz'
2020-10-24 12:26:42,b'Y todo este descalabro fiscal mientras hay falta de servicios a familias enteras por los terremotos y  las secuelas\xe2\x80\xa6 https://t.co/kHZHa6DSbb'
2020-10-24 11:29:50,b'El miedo y estr\xc3\xa9s matan. \n\nDe esto murieron muchas de las 4000 v\xc3\xadctimas del hurac\xc3\xa1n Mar\xc3\xada.'
2020-10-24 10:59:38,b'RT @Daixa: Me levant\xc3\xa9 meditando sobre los discursos y la ret\xc3\xb3rica puertorrique\xc3\xb1a: \xc2\xbfRealmente mi pa\xc3\xads est\xc3\xa1 harto de la corrupci\xc3\xb3n? \xf0\x9f\xa4\x94 \nDespu\xc3\xa9\xe2\x80\xa6'
2020-10-24 10:48:35,b'RT @Daixa: Me levant\xc3\xa9 meditando sobre los discursos y la ret\xc3\xb3rica puertorrique\xc3\xb1a: \xc2\xbfRealmente mi pa\xc3\xads est\xc3\xa1 harto de la corrupci\xc3\xb3n? \xf0\x9f\xa4\x94 \nDespu\xc3\xa9\xe2\x80\xa6'
2020-10-24 10:47:24,b'Me levant\xc3\xa9 meditando sobre los discursos y la ret\xc3\xb3rica puertorrique\xc3\xb1a: \xc2\xbfRealmente mi pa\xc3\xads est\xc3\xa1 harto de la corrupci\xe2\x80\xa6 https://t.co/lgYKvdPzcy'
2020-10-24 09:45:49,b'RT @EstebanWXcast: Actualizaci\xc3\xb3n de las ondas tropicales en la Regi\xc3\xb3n Principal de Desarrollo (MDR) a 06z 24OCT. Hurac\xc3\xa1n Epsilon cerca de 3\xe2\x80\xa6'
2020-10-24 08:31:17,b'\xe2\x99\xbb\xef\xb8\x8f El observatorio de Arecibo vuelve a la vida tras el hurac\xc3\xa1n Mar\xc3\xada... https://t.co/AFpnkru7Ip'
2020-10-24 08:12:44,"b'@caballeroandrep Si , lo vi en un concierto en NY , en el 2017 estaban recogiendo fondos por lo de huracan mar\xc3\xada  e\xe2\x80\xa6 https://t.co/6ZXR4R6Vyp'"
2020-10-24 03:01:46,"b'RT @Alan_Britto_: \xf0\x9f\x9a\xa8 @FBISanJuan ALERT\nTe preguntas por qu\xc3\xa9 las carreteras, derrumbes, puentes, escuelas, hospitales, facilidades deportivas\xe2\x80\xa6'"
2020-10-24 02:38:40,b'El unico patologo Forense puertorrique\xc3\xb1o  reconocido en latinoamarica y con catedra en Mexico era el Dr.Crespo cons\xe2\x80\xa6 https://t.co/YLPIMcNrQj'
2020-10-24 02:16:06,b'\xe2\x99\xbb\xef\xb8\x8f El observatorio de Arecibo vuelve a la vida tras el hurac\xc3\xa1n Mar\xc3\xada... https://t.co/s40ccbhd7r'
2020-10-24 02:02:37,"b'\xf0\x9f\x9a\xa8 @FBISanJuan ALERT\nTe preguntas por qu\xc3\xa9 las carreteras, derrumbes, puentes, escuelas, hospitales, facilidades depo\xe2\x80\xa6 https://t.co/Kfy9b6nsmp'"
2020-10-24 01:51:20,b'RT @IvelisseArroyo: \xc2\xbfQu\xc3\xa9 Nydia me di\xc3\xb3 qu\xc3\xa9? A m\xc3\xad Nydia no me ha dado NADA. Y despu\xc3\xa9s del Hurac\xc3\xa1n Mar\xc3\xada ustedes nos tiraron a mondongo en el\xe2\x80\xa6'
2020-10-24 01:11:47,"b'Si se han dado cuenta desde el hurac\xc3\xa1n Mar\xc3\xada o antes el ODIO de la PRENSA de P.R. al Presidente DJT, ha sido propag\xe2\x80\xa6 https://t.co/RyLbOZOaKm'"
2020-10-24 01:04:34,"b'@villafuerte2610 @RNapoles Si la manta norteamericana es tan maravillosa, preg\xc3\xbantese xq Puerto Rico quiere independ\xe2\x80\xa6 https://t.co/BguDSL5lxN'"
2020-10-24 00:57:02,b'RT @IvelisseArroyo: \xc2\xbfQu\xc3\xa9 Nydia me di\xc3\xb3 qu\xc3\xa9? A m\xc3\xad Nydia no me ha dado NADA. Y despu\xc3\xa9s del Hurac\xc3\xa1n Mar\xc3\xada ustedes nos tiraron a mondongo en el\xe2\x80\xa6'
2020-10-24 00:43:38,b'RT @IvelisseArroyo: \xc2\xbfQu\xc3\xa9 Nydia me di\xc3\xb3 qu\xc3\xa9? A m\xc3\xad Nydia no me ha dado NADA. Y despu\xc3\xa9s del Hurac\xc3\xa1n Mar\xc3\xada ustedes nos tiraron a mondongo en el\xe2\x80\xa6'
2020-10-24 00:41:15,b'\xc2\xbfQu\xc3\xa9 Nydia me di\xc3\xb3 qu\xc3\xa9? A m\xc3\xad Nydia no me ha dado NADA. Y despu\xc3\xa9s del Hurac\xc3\xa1n Mar\xc3\xada ustedes nos tiraron a mondongo en\xe2\x80\xa6 https://t.co/iOSEXpPzUB'
2020-10-23 23:59:05,b'\xf0\x9f\x8e\xb1 El observatorio de Arecibo vuelve a la vida tras el hurac\xc3\xa1n Mar\xc3\xada... https://t.co/cmtWYjqGNM'
2020-10-23 21:36:54,"b'RT @primerahora: La madre siempre presinti\xc3\xb3 que el cuerpo de su hijo estaba en Ciencias Forences, desde antes del paso del hurac\xc3\xa1n Mar\xc3\xada. S\xe2\x80\xa6'"
2020-10-23 21:24:02,"b'RT @primerahora: La madre siempre presinti\xc3\xb3 que el cuerpo de su hijo estaba en Ciencias Forences, desde antes del paso del hurac\xc3\xa1n Mar\xc3\xada. S\xe2\x80\xa6'"
2020-10-23 20:45:42,b'Maria Teresa ti salveremo per sempre\n#GFVIP https://t.co/olBvAJJBmw'
2020-10-23 20:41:09,"b'Ella se cant\xc3\xb3 con su boquita de comer que es mel\xc3\xb3n y que su voto es mel\xc3\xb3n, pero claro eso fue antes del hurac\xc3\xa1n Mar\xe2\x80\xa6 https://t.co/kxet0Z6rAK'"
2020-10-23 20:22:21,b'@Adela014 Desde el hurac\xc3\xa1n Mar\xc3\xada AT&amp;T jam\xc3\xa1s ha vuelto a ser el mismo.'
2020-10-23 20:12:37,"b'La madre siempre presinti\xc3\xb3 que el cuerpo de su hijo estaba en Ciencias Forences, desde antes del paso del hurac\xc3\xa1n M\xe2\x80\xa6 https://t.co/dCgpvjgJZf'"
2020-10-23 19:00:00,"b'.@Vegalteno, el orgulloso padre de Lin-Manuel Miranda, tiene su propio documental: ""Siempre, Luis"", de HBO, que mue\xe2\x80\xa6 https://t.co/wZtNUJxMHP'"
2020-10-23 17:14:10,b'El Agente Carlos del Valle Padilla atribuy\xc3\xb3 en entrevista con @MillyMendezpr la lentidud en identificaci\xc3\xb3n del jove\xe2\x80\xa6 https://t.co/bxCbA7SYbR'
2020-10-23 17:02:36,"b'Esto me trae el recuerdo de Nelson Jonathan Mart\xc3\xadnez, joven adulto con autismo, que desapareci\xc3\xb3 luego del hurac\xc3\xa1n M\xe2\x80\xa6 https://t.co/n13eU049t6'"
2020-10-23 16:41:16,"b'RT @SoyAlfito: Turista, no atend\xc3\xa9s el tel\xc3\xa9fono cuando queremos ver si est\xc3\xa1s respetando la cuarentena? Te encerramos en el hotel Argentino d\xe2\x80\xa6'"
2020-10-23 15:38:11,"b'Las elecciones se van a decidir en Florida y Pennsylvania. De la Florida no se espera nada, pero estos dos estados\xe2\x80\xa6 https://t.co/b8Kap5PCxe'"
2020-10-23 15:28:30,b'RT @JavierCruzMerc1: Este es el verdadero CHARLIE Delgado nego los t\xc3\xadtulos de propiedad en planas de Isabella que son parcelas el municipio\xe2\x80\xa6'
2020-10-23 14:28:06,b'Tu sabes lo que es tener a esta madre sufriendo TRES A\xc3\x91OS!! Desde el hurac\xc3\xa1n MAR\xc3\x8dA buscando a su HIJO!!! \xc2\xa1Cuanta in\xe2\x80\xa6 https://t.co/yAVxXuPhid'
2020-10-23 14:02:27,b'\xf0\x9f\x8e\xb1 El observatorio de Arecibo vuelve a la vida tras el hurac\xc3\xa1n Mar\xc3\xada... https://t.co/eeb0xfa4Wh'
2020-10-23 13:13:34,b'@DelgadoAltieri @anibaljosepr Estas solo cara de pi\xc3\xb1a dejaste solo a Isabella para hurac\xc3\xa1n Mar\xc3\xada  te sentaste 8 a\xc3\xb1o\xe2\x80\xa6 https://t.co/vPOzPvOerw'
2020-10-23 13:00:08,b'Este es el verdadero CHARLIE Delgado nego los t\xc3\xadtulos de propiedad en planas de Isabella que son parcelas el munici\xe2\x80\xa6 https://t.co/gG79LF0NeE'
2020-10-23 12:29:34,b'\xf0\x9f\x8e\xb1 El observatorio de Arecibo vuelve a la vida tras el hurac\xc3\xa1n Mar\xc3\xada... https://t.co/ELTQZbys4b'
2020-10-23 11:30:02,"b'@RobbyCortes \xc3\x93sea q si el promedio de muertes en PR es de 2,500 mensuales decir q con hurac\xc3\xa1n Mar\xc3\xada fueron 4,000 el\xe2\x80\xa6 https://t.co/ydqweHbnqO'"
2020-10-23 11:26:56,"b'RT @Cotetisto: @Cooperativa Como operaci\xc3\xb3n hurac\xc3\xa1n, o el big data, o el foro de S\xc3\xa3o Paulo ??? jajajajjjsjsjsjjsjsj\nDen de baja no m\xc3\xa1s a los\xe2\x80\xa6'"
2020-10-23 05:35:37,"b'2/4 Ambos conscientes de la gran cantidad de latinos que hay en el pa\xc3\xads, por ello que buscan llegarles. Biden lo ha\xe2\x80\xa6 https://t.co/29jsbjGrY9'"
2020-10-23 04:02:23,b'Oh mira! Igual q pas\xc3\xb3 con el hurac\xc3\xa1n Mar\xc3\xada y los terremotos en Puerto Rico.\n\nTe acuerdas @wandavazquezg? Cuando abr\xe2\x80\xa6 https://t.co/BUXLHYl4Pr'
2020-10-23 03:03:29,b'@ikillmymind28 pls it really is :/ me acuerdo para el hurac\xc3\xa1n maria en el 2017 que el vino porque est\xc3\xa1bamos en esta\xe2\x80\xa6 https://t.co/JqeGq7N5wl'
2020-10-23 02:31:47,b'RT @NoticentroWAPA: Expres\xc3\xb3 en entrevista que su percepci\xc3\xb3n sobre \xc3\xa9l cambi\xc3\xb3 una vez viaj\xc3\xb3 a la isla luego del hurac\xc3\xa1n Mar\xc3\xada. https://t.co/d\xe2\x80\xa6'
2020-10-23 02:10:01,"b'La devastaci\xc3\xb3n del hurac\xc3\xa1n Mar\xc3\xada en 2017, terremotos recientes.\nEn Texas, \xc2\xa112 d\xc3\xadas hasta el d\xc3\xada de las elecciones!\xe2\x80\xa6 https://t.co/8TlJSVUBpM'"
2020-10-23 02:04:55,"b'RT @asjirau: #PierluisiUsurpador #PierluisiGolpista intentando dar un mensaje positivo sobre la ""igualdad"" que dique traer\xc3\xada la estadidad.\xe2\x80\xa6'"
2020-10-23 00:16:01,"b'Si en PR viene otro hurac\xc3\xa1n Maria con Cesar V\xc3\xa1zquez como gobernador, con la lentitud que tiene ese cabron los toldo\xe2\x80\xa6 https://t.co/m0BucqfMZg'"
2020-10-23 00:13:32,"b'#PierluisiUsurpador #PierluisiGolpista intentando dar un mensaje positivo sobre la ""igualdad"" que dique traer\xc3\xada la\xe2\x80\xa6 https://t.co/2sWPB9gyxY'"
2020-10-23 00:03:45,"b'@pedropierluisi @TelemundoPR \xc2\xbfPor qu\xc3\xa9 no sueltan esa basura de #LUMA? Caramba, @elonmusk, se puso a disposici\xc3\xb3n de\xe2\x80\xa6 https://t.co/L6KkmxyjSZ'"
2020-10-22 23:44:47,b'@carraana2457 @Moluskein @AlexandraLugaro Si pq ella es la que junto a su partido lleva DECADAS robandose todo el d\xe2\x80\xa6 https://t.co/L4a1IDkMh5'
2020-10-22 23:28:26,"b'Mar\xc3\xada Paz parece un hurac\xc3\xa1n, cada medio d\xc3\xada se da un reporte de todos sus da\xc3\xb1os \xf0\x9f\xa4\xa6\xf0\x9f\xa4\xa6\xf0\x9f\xa5\xb4'"
2020-10-22 23:13:01,"b'@adriianaa0727 Para cuando paso el hurac\xc3\xa1n Mar\xc3\xada soltaron bastantes,  lo unico que aquellos eran blancos y no trans\xe2\x80\xa6 https://t.co/CYV1iK0yHr'"
2020-10-22 22:05:27,b'RT @NoticentroWAPA: Expres\xc3\xb3 en entrevista que su percepci\xc3\xb3n sobre \xc3\xa9l cambi\xc3\xb3 una vez viaj\xc3\xb3 a la isla luego del hurac\xc3\xa1n Mar\xc3\xada. https://t.co/d\xe2\x80\xa6'
2020-10-22 21:57:27,"b'@shaq0421 \xf0\x9f\x98\x82\xf0\x9f\x98\x82\xf0\x9f\x98\x82 yo el 25 de diciembre luego de arrasar que ni el hurac\xc3\xa1n Mar\xc3\xada en Puerto Rico, con todo lo que hab\xc3\xada\xe2\x80\xa6 https://t.co/5G3hl2T6c0'"
2020-10-22 21:55:03,b'Expres\xc3\xb3 en entrevista que su percepci\xc3\xb3n sobre \xc3\xa9l cambi\xc3\xb3 una vez viaj\xc3\xb3 a la isla luego del hurac\xc3\xa1n Mar\xc3\xada. https://t.co/dDy7ER8w2o'
2020-10-22 21:10:29,b'@maria_brito2003 Seg\xc3\xban vi por ah\xc3\xad es re-establecerlos de nuevo ya que hay muchos destruidos y otros se los llev\xc3\xb3 un\xe2\x80\xa6 https://t.co/N2mjLNQ176'
2020-10-22 19:31:30,b'RT @PanchoMoncho: El qu\xc3\xa9 tiene a ISABELA como SAN JUAN hecho un desastre date una vuelta por ISABELA.  Est\xc3\xa1 es la CARTA de CDA q desastre p\xe2\x80\xa6'
2020-10-22 19:01:56,"b'""Ahora sabes c\xc3\xb3mo sabe no ser uno m\xc3\xa1s, que no dejen que respire tu felicidad, aprendiste que soplando se va el hura\xe2\x80\xa6 https://t.co/tP1P43ttt8'"
2020-10-22 18:40:13,b'El qu\xc3\xa9 tiene a ISABELA como SAN JUAN hecho un desastre date una vuelta por ISABELA.  Est\xc3\xa1 es la CARTA de CDA q desa\xe2\x80\xa6 https://t.co/Hw92WpR83M'
2020-10-22 18:15:31,b'\xc2\xbfCu\xc3\xa1l ha sido el mejor documental del hurac\xc3\xa1n Mar\xc3\xada que han visto?'
2020-10-22 18:11:48,b'FEMA asigna $15.3 millones para reparar instalaciones deportivas en San Juan por los da\xc3\xb1os relacionados con el hurac\xc3\xa1n Mar\xc3\xada. #RDclaro'
2020-10-22 17:58:49,b'RT @ElMedicoPR: Lo que est\xc3\xa1 ocurriendo ahora mismo con el 911 en Puerto Rico no solo es un s\xc3\xadntoma de la incapacidad gerencial del departam\xe2\x80\xa6'
2020-10-22 17:57:12,"b'Cuando el hurac\xc3\xa1n Mar\xc3\xada, el toque de queda en muchos pueblos del sur era simb\xc3\xb3lico. No me sorprender\xc3\xada que ahora co\xe2\x80\xa6 https://t.co/mMnARDWLo9'"
2020-10-22 17:33:29,b'\xf0\x9f\x8e\xb1 El observatorio de Arecibo vuelve a la vida tras el hurac\xc3\xa1n Mar\xc3\xada... https://t.co/k6mFXarub6'
2020-10-22 16:59:46,b'@Oscarlfontan Lo que me sorprende y me da curiosidad es la escasez! Desde el Hurac\xc3\xa1n Mar\xc3\xada son muchos los productos\xe2\x80\xa6 https://t.co/0lzzKmNspV'
2020-10-22 16:52:52,"b'cw / hurac\xc3\xa1n , hurricane\n.\n.\n.\ns\xc3\xad! aunque creo que la primera vez q fui fue antes de mar\xc3\xada \xf0\x9f\x92\x80 https://t.co/le8LhbPtNc'"
2020-10-22 16:06:07,"b'@condadofashion Bajo el gobierno del PIP es que los boricuas se han ido, especialmente para el Hurac\xc3\xa1n Maria... Oh\xe2\x80\xa6 https://t.co/SflK76z5Ge'"
2020-10-22 15:58:47,"b'\xe2\x80\xa2OTRO A\xc3\x91O M\xc3\x81S\xe2\x80\xa2\n\nOtro a\xc3\xb1o m\xc3\xa1s que WWC no presentar\xc3\xa1 su tan esperado evento, Aniversario.\n\nEn el a\xc3\xb1o 2017 la empresa\xe2\x80\xa6 https://t.co/XzdH2Js37L'"
2020-10-22 15:39:24,"b'RT @CNNEE: El orgulloso padre de Lin-Manuel Miranda tiene su propio documental: ""Siempre, Luis"", de HBO, que muestra a los Miranda ayudando\xe2\x80\xa6'"
2020-10-22 15:24:03,b'\xf0\x9f\x8e\xb1 El observatorio de Arecibo vuelve a la vida tras el hurac\xc3\xa1n Mar\xc3\xada... https://t.co/P2EPCHGMD1'
2020-10-22 15:21:44,b'RT @LuckreGerad: Luego del \xe2\x80\x9cHurac\xc3\xa1n Maria\xe2\x80\x9d llam\xc3\xa9 a @VentoAlejandro y le ped\xc3\xad  que me ayudara a encontrar la direcci\xc3\xb3n de mis nuevas cancion\xe2\x80\xa6'
2020-10-22 15:03:21,"b'RT @VillafanePR: \xc2\xa1La Perla del Sur se recontruye! Hoy estuve acompa\xc3\xb1ando a la alcaldesa de Ponce, @mayitaalcaldesa, quien present\xc3\xb3 su plan\xe2\x80\xa6'"
2020-10-22 14:51:45,"b'El orgulloso padre de Lin-Manuel Miranda tiene su propio documental: ""Siempre, Luis"", de HBO, que muestra a los Mir\xe2\x80\xa6 https://t.co/tecdIQPwIo'"
2020-10-22 14:35:57,"b'RT @VillafanePR: \xc2\xa1La Perla del Sur se recontruye! Hoy estuve acompa\xc3\xb1ando a la alcaldesa de Ponce, @mayitaalcaldesa, quien present\xc3\xb3 su plan\xe2\x80\xa6'"
2020-10-22 14:32:27,b'RT @ElMedicoPR: Lo que est\xc3\xa1 ocurriendo ahora mismo con el 911 en Puerto Rico no solo es un s\xc3\xadntoma de la incapacidad gerencial del departam\xe2\x80\xa6'
2020-10-22 14:13:51,"b'RT @NoticiasXtra: DEPORTES.\nEl coliseo Roberto Clemente, el Parque del Tercer Milenio, el coliseo Pedr\xc3\xadn Zorrilla, el Natatorio de San Juan\xe2\x80\xa6'"
2020-10-22 14:10:58,b'\xf0\x9f\x8e\xb1 El observatorio de Arecibo vuelve a la vida tras el hurac\xc3\xa1n Mar\xc3\xada... https://t.co/EGALGmHD9q'
2020-10-22 13:45:33,"b'DEPORTES.\nEl coliseo Roberto Clemente, el Parque del Tercer Milenio, el coliseo Pedr\xc3\xadn Zorrilla, el Natatorio de Sa\xe2\x80\xa6 https://t.co/95ek2e1ekn'"
2020-10-22 13:39:08,b'RT @ChilenC: @sierradedorado7 @JoeBiden Que hizo Trump por los puertorrique\xc3\xb1os? Tirarles toallas de papel en la crisis del hurac\xc3\xa1n Mar\xc3\xada. L\xe2\x80\xa6'
2020-10-22 12:34:11,"b'RT @CNNEE: El orgulloso padre de Lin-Manuel Miranda tiene su propio documental: ""Siempre, Luis"", de HBO, que muestra a los Miranda ayudando\xe2\x80\xa6'"
2020-10-22 12:32:07,"b'RT @VillafanePR: \xc2\xa1La Perla del Sur se recontruye! Hoy estuve acompa\xc3\xb1ando a la alcaldesa de Ponce, @mayitaalcaldesa, quien present\xc3\xb3 su plan\xe2\x80\xa6'"
2020-10-22 12:15:00,b'RT @ElMedicoPR: Lo que est\xc3\xa1 ocurriendo ahora mismo con el 911 en Puerto Rico no solo es un s\xc3\xadntoma de la incapacidad gerencial del departam\xe2\x80\xa6'
2020-10-22 12:14:16,b'RT @QuiquitoMelende: En la presentaci\xc3\xb3n del plan de trabajo que realiz\xc3\xb3 la alcaldesa @mayitaalcaldesa para la reconstrucci\xc3\xb3n de Ponce luego\xe2\x80\xa6'
2020-10-22 11:59:43,"b'RT @CNNEE: El orgulloso padre de Lin-Manuel Miranda tiene su propio documental: ""Siempre, Luis"", de HBO, que muestra a los Miranda ayudando\xe2\x80\xa6'"
2020-10-22 11:57:41,"b'RT @CNNEE: El orgulloso padre de Lin-Manuel Miranda tiene su propio documental: ""Siempre, Luis"", de HBO, que muestra a los Miranda ayudando\xe2\x80\xa6'"
2020-10-22 11:56:34,"b'RT @CNNEE: El orgulloso padre de Lin-Manuel Miranda tiene su propio documental: ""Siempre, Luis"", de HBO, que muestra a los Miranda ayudando\xe2\x80\xa6'"
2020-10-22 11:56:19,"b'RT @CNNEE: El orgulloso padre de Lin-Manuel Miranda tiene su propio documental: ""Siempre, Luis"", de HBO, que muestra a los Miranda ayudando\xe2\x80\xa6'"
2020-10-22 11:54:44,b'@conopa @hector201192 Y toda esa mejor\xc3\xada artificial fue gracias a los fondos y ayudas federales por el hurac\xc3\xa1n Mar\xc3\xad\xe2\x80\xa6 https://t.co/Ix2lbJW0tV'
2020-10-22 11:54:23,b'RT @QuiquitoMelende: En la presentaci\xc3\xb3n del plan de trabajo que realiz\xc3\xb3 la alcaldesa @mayitaalcaldesa para la reconstrucci\xc3\xb3n de Ponce luego\xe2\x80\xa6'
2020-10-22 11:53:54,"b'RT @CNNEE: El orgulloso padre de Lin-Manuel Miranda tiene su propio documental: ""Siempre, Luis"", de HBO, que muestra a los Miranda ayudando\xe2\x80\xa6'"
2020-10-22 11:52:08,"b'RT @CNNEE: El orgulloso padre de Lin-Manuel Miranda tiene su propio documental: ""Siempre, Luis"", de HBO, que muestra a los Miranda ayudando\xe2\x80\xa6'"
2020-10-22 11:47:48,"b'RT @CNNEE: El orgulloso padre de Lin-Manuel Miranda tiene su propio documental: ""Siempre, Luis"", de HBO, que muestra a los Miranda ayudando\xe2\x80\xa6'"
2020-10-22 11:47:26,"b'RT @CNNEE: El orgulloso padre de Lin-Manuel Miranda tiene su propio documental: ""Siempre, Luis"", de HBO, que muestra a los Miranda ayudando\xe2\x80\xa6'"
2020-10-22 11:47:08,"b'RT @CNNEE: El orgulloso padre de Lin-Manuel Miranda tiene su propio documental: ""Siempre, Luis"", de HBO, que muestra a los Miranda ayudando\xe2\x80\xa6'"
2020-10-22 11:46:29,"b'RT @CNNEE: El orgulloso padre de Lin-Manuel Miranda tiene su propio documental: ""Siempre, Luis"", de HBO, que muestra a los Miranda ayudando\xe2\x80\xa6'"
2020-10-22 11:36:46,"b'RT @CNNEE: El orgulloso padre de Lin-Manuel Miranda tiene su propio documental: ""Siempre, Luis"", de HBO, que muestra a los Miranda ayudando\xe2\x80\xa6'"
2020-10-22 11:33:50,"b'RT @CNNEE: El orgulloso padre de Lin-Manuel Miranda tiene su propio documental: ""Siempre, Luis"", de HBO, que muestra a los Miranda ayudando\xe2\x80\xa6'"
2020-10-22 11:33:03,"b'El orgulloso padre de Lin-Manuel Miranda tiene su propio documental: ""Siempre, Luis"", de HBO, que muestra a los Mir\xe2\x80\xa6 https://t.co/viuA6zVs6K'"
2020-10-22 11:25:53,b'RT @manuelernestopr: La incompetencia del gobierno @pnp_pr no conoce l\xc3\xadmites. Son y han sido un fracaso atendiendo emergencias: hurac\xc3\xa1n Mar\xe2\x80\xa6'
2020-10-22 10:51:23,b'@matebe As\xc3\xad es Mar\xc3\xada Teresa. Yo creo que tiene que haber un poco de sensatez y moderaci\xc3\xb3n. Valoro mucho el respeto\xe2\x80\xa6 https://t.co/Q4hpm0zlPx'
2020-10-22 10:01:40,b'RT @ElMedicoPR: Lo que est\xc3\xa1 ocurriendo ahora mismo con el 911 en Puerto Rico no solo es un s\xc3\xadntoma de la incapacidad gerencial del departam\xe2\x80\xa6'
2020-10-22 10:00:01,b'[POR SI NO LO VISTE]\n@wandavazquezg  envi\xc3\xb3 misivas a los 78 alcaldes de la isla para conocer el estatus de los proy\xe2\x80\xa6 https://t.co/iEWv4bvvez'
2020-10-22 09:39:06,b'#TBT pos hurac\xc3\xa1n Mar\xc3\xada un breve clip al responder una entrevista interna #ClaroPR 2018\nDe la crisis nos reinventamo\xe2\x80\xa6 https://t.co/XQTb9VBiZO'
2020-10-22 09:10:41,b'@AiolaVirella Lo peor que el huracan maria  billones robados por la ganga de RICKY ROSSELLO DEJEN QUE LLEGUEN LOS A\xe2\x80\xa6 https://t.co/BIiYRp91mU'
2020-10-22 08:53:53,b'RT @ElMedicoPR: Lo que est\xc3\xa1 ocurriendo ahora mismo con el 911 en Puerto Rico no solo es un s\xc3\xadntoma de la incapacidad gerencial del departam\xe2\x80\xa6'
2020-10-22 07:45:10,b'\xf0\x9f\x8e\xb1 El observatorio de Arecibo vuelve a la vida tras el hurac\xc3\xa1n Mar\xc3\xada... https://t.co/8sAHYUbPoe'
2020-10-22 06:09:38,"b'Tu administraci\xc3\xb3n, la misma del hurac\xc3\xa1n #Mar\xc3\xada https://t.co/qTMfkewRWY'"
2020-10-22 05:31:13,b'RT @El_Kabayote: @CarmenYulinCruz Alianza???...\xf0\x9f\xa4\x94\xf0\x9f\xa4\x94\xf0\x9f\xa4\x94\xf0\x9f\xa4\x94... la misma alianza que t\xc3\xba prestaste  cuando Ricky Rosell\xc3\xb3 pidi\xc3\xb3 unirnos como Pueblo du\xe2\x80\xa6'
2020-10-22 04:37:44,b'RT @ElMedicoPR: Lo que est\xc3\xa1 ocurriendo ahora mismo con el 911 en Puerto Rico no solo es un s\xc3\xadntoma de la incapacidad gerencial del departam\xe2\x80\xa6'
2020-10-22 04:31:19,b'RT @ElMedicoPR: Lo que est\xc3\xa1 ocurriendo ahora mismo con el 911 en Puerto Rico no solo es un s\xc3\xadntoma de la incapacidad gerencial del departam\xe2\x80\xa6'
2020-10-22 04:29:31,b'RT @ElMedicoPR: Lo que est\xc3\xa1 ocurriendo ahora mismo con el 911 en Puerto Rico no solo es un s\xc3\xadntoma de la incapacidad gerencial del departam\xe2\x80\xa6'
2020-10-22 03:28:23,b'RT @ElMedicoPR: Lo que est\xc3\xa1 ocurriendo ahora mismo con el 911 en Puerto Rico no solo es un s\xc3\xadntoma de la incapacidad gerencial del departam\xe2\x80\xa6'
2020-10-22 03:22:29,b'RT @ElMedicoPR: Lo que est\xc3\xa1 ocurriendo ahora mismo con el 911 en Puerto Rico no solo es un s\xc3\xadntoma de la incapacidad gerencial del departam\xe2\x80\xa6'
2020-10-22 03:21:37,b'RT @ElMedicoPR: Lo que est\xc3\xa1 ocurriendo ahora mismo con el 911 en Puerto Rico no solo es un s\xc3\xadntoma de la incapacidad gerencial del departam\xe2\x80\xa6'
2020-10-22 03:19:50,b'@pensandopr Pensaba que ella era el hurac\xc3\xa1n. Dej\xc3\xb3 al pa\xc3\xads mas patas p\xe2\x80\x99arriba que durante Mar\xc3\xada y los pol\xc3\xadticos robaron m\xc3\xa1s...'
2020-10-22 03:15:03,b'RT @ElMedicoPR: Lo que est\xc3\xa1 ocurriendo ahora mismo con el 911 en Puerto Rico no solo es un s\xc3\xadntoma de la incapacidad gerencial del departam\xe2\x80\xa6'
2020-10-22 03:14:59,b'RT @manuelernestopr: La incompetencia del gobierno @pnp_pr no conoce l\xc3\xadmites. Son y han sido un fracaso atendiendo emergencias: hurac\xc3\xa1n Mar\xe2\x80\xa6'
2020-10-22 03:14:37,b'RT @manuelernestopr: La incompetencia del gobierno @pnp_pr no conoce l\xc3\xadmites. Son y han sido un fracaso atendiendo emergencias: hurac\xc3\xa1n Mar\xe2\x80\xa6'
2020-10-22 03:14:08,b'RT @ElMedicoPR: Lo que est\xc3\xa1 ocurriendo ahora mismo con el 911 en Puerto Rico no solo es un s\xc3\xadntoma de la incapacidad gerencial del departam\xe2\x80\xa6'
2020-10-22 03:11:44,b'RT @manuelernestopr: La incompetencia del gobierno @pnp_pr no conoce l\xc3\xadmites. Son y han sido un fracaso atendiendo emergencias: hurac\xc3\xa1n Mar\xe2\x80\xa6'
2020-10-22 03:08:27,b'La incompetencia del gobierno @pnp_pr no conoce l\xc3\xadmites. Son y han sido un fracaso atendiendo emergencias: hurac\xc3\xa1n\xe2\x80\xa6 https://t.co/LTrLf8s2NT'
2020-10-22 03:06:38,b'RT @ElMedicoPR: Lo que est\xc3\xa1 ocurriendo ahora mismo con el 911 en Puerto Rico no solo es un s\xc3\xadntoma de la incapacidad gerencial del departam\xe2\x80\xa6'
2020-10-22 03:04:53,b'RT @ElMedicoPR: Lo que est\xc3\xa1 ocurriendo ahora mismo con el 911 en Puerto Rico no solo es un s\xc3\xadntoma de la incapacidad gerencial del departam\xe2\x80\xa6'
2020-10-22 03:00:48,b'RT @ElMedicoPR: Lo que est\xc3\xa1 ocurriendo ahora mismo con el 911 en Puerto Rico no solo es un s\xc3\xadntoma de la incapacidad gerencial del departam\xe2\x80\xa6'
2020-10-22 03:00:31,b'RT @ElMedicoPR: Lo que est\xc3\xa1 ocurriendo ahora mismo con el 911 en Puerto Rico no solo es un s\xc3\xadntoma de la incapacidad gerencial del departam\xe2\x80\xa6'
2020-10-22 02:59:33,b'RT @ElMedicoPR: Lo que est\xc3\xa1 ocurriendo ahora mismo con el 911 en Puerto Rico no solo es un s\xc3\xadntoma de la incapacidad gerencial del departam\xe2\x80\xa6'
2020-10-22 02:59:08,b'RT @ElMedicoPR: Lo que est\xc3\xa1 ocurriendo ahora mismo con el 911 en Puerto Rico no solo es un s\xc3\xadntoma de la incapacidad gerencial del departam\xe2\x80\xa6'
2020-10-22 02:58:23,b'RT @ElMedicoPR: Lo que est\xc3\xa1 ocurriendo ahora mismo con el 911 en Puerto Rico no solo es un s\xc3\xadntoma de la incapacidad gerencial del departam\xe2\x80\xa6'
2020-10-22 02:57:01,b'RT @ElMedicoPR: Lo que est\xc3\xa1 ocurriendo ahora mismo con el 911 en Puerto Rico no solo es un s\xc3\xadntoma de la incapacidad gerencial del departam\xe2\x80\xa6'
2020-10-22 02:52:28,b'RT @ElMedicoPR: Lo que est\xc3\xa1 ocurriendo ahora mismo con el 911 en Puerto Rico no solo es un s\xc3\xadntoma de la incapacidad gerencial del departam\xe2\x80\xa6'
2020-10-22 02:48:26,b'RT @ElMedicoPR: Lo que est\xc3\xa1 ocurriendo ahora mismo con el 911 en Puerto Rico no solo es un s\xc3\xadntoma de la incapacidad gerencial del departam\xe2\x80\xa6'
2020-10-22 02:42:18,b'RT @ElMedicoPR: Lo que est\xc3\xa1 ocurriendo ahora mismo con el 911 en Puerto Rico no solo es un s\xc3\xadntoma de la incapacidad gerencial del departam\xe2\x80\xa6'
2020-10-22 02:40:06,b'RT @ElMedicoPR: Lo que est\xc3\xa1 ocurriendo ahora mismo con el 911 en Puerto Rico no solo es un s\xc3\xadntoma de la incapacidad gerencial del departam\xe2\x80\xa6'
2020-10-22 02:39:44,b'RT @ElMedicoPR: Lo que est\xc3\xa1 ocurriendo ahora mismo con el 911 en Puerto Rico no solo es un s\xc3\xadntoma de la incapacidad gerencial del departam\xe2\x80\xa6'
2020-10-22 02:37:29,b'RT @ElMedicoPR: Lo que est\xc3\xa1 ocurriendo ahora mismo con el 911 en Puerto Rico no solo es un s\xc3\xadntoma de la incapacidad gerencial del departam\xe2\x80\xa6'
2020-10-22 02:33:40,b'RT @ElMedicoPR: Lo que est\xc3\xa1 ocurriendo ahora mismo con el 911 en Puerto Rico no solo es un s\xc3\xadntoma de la incapacidad gerencial del departam\xe2\x80\xa6'
2020-10-22 02:32:40,b'@JoseROyola1 @CaraballoCueto Un sistema robusto hace falta para que familias no pasen meses sin electricidad luego\xe2\x80\xa6 https://t.co/ryoshVIcc4'
2020-10-22 02:31:52,b'Lo que est\xc3\xa1 ocurriendo ahora mismo con el 911 en Puerto Rico no solo es un s\xc3\xadntoma de la incapacidad gerencial del\xe2\x80\xa6 https://t.co/k1fllUFkQG'
2020-10-22 01:49:22,"b'Como se le ocurre decir que una crisis econ\xc3\xb3mica tiene comparaci\xc3\xb3n con un hurac\xc3\xa1n como Mar\xc3\xada,  unos terremotos que\xe2\x80\xa6 https://t.co/jB60EZWb0x'"
2020-10-22 01:19:21,b'\xf0\x9f\x8e\xb1 El observatorio de Arecibo vuelve a la vida tras el hurac\xc3\xa1n Mar\xc3\xada... https://t.co/9ex2zVqwzb'
2020-10-22 01:01:53,b'Aaay @TMobilePR como quieren vender 5G en carraizo cuando confirme que la antena de la 843 Bo. Carraizo no est\xc3\xa1 fun\xe2\x80\xa6 https://t.co/4dGTfA08Et'
2020-10-22 01:00:30,b'@sierradedorado7 @JoeBiden Que hizo Trump por los puertorrique\xc3\xb1os? Tirarles toallas de papel en la crisis del hurac\xe2\x80\xa6 https://t.co/pmWktSeiyc'
2020-10-22 00:47:52,b'\xf0\x9f\x8e\xb1 El observatorio de Arecibo vuelve a la vida tras el hurac\xc3\xa1n Mar\xc3\xada... https://t.co/Wcd3DeJFVA'
2020-10-22 00:44:38,b'RT @RadioAcromatica: Gobernadora Wanda V\xc3\xa1zquez Garced solicita estatus de los proyectos de reparaci\xc3\xb3n y construcci\xc3\xb3n por da\xc3\xb1os provocados p\xe2\x80\xa6'
2020-10-22 00:43:03,b'Gobernadora Wanda V\xc3\xa1zquez Garced solicita estatus de los proyectos de reparaci\xc3\xb3n y construcci\xc3\xb3n por da\xc3\xb1os provocado\xe2\x80\xa6 https://t.co/UgeM4qEx93'
2020-10-22 00:37:15,b'@idislikegabo @juandalmauPR Ases\xc3\xb3rate con el anuncio del PPD que causa PTSD a las V\xc3\xadctimas del hurac\xc3\xa1n Maria. Mor\xc3\xb3n.'
2020-10-22 00:34:43,"b'@estigom Se pudo haber dicho lo mismo del anuncio del PPD, que pudiese causar PTSD del hurac\xc3\xa1n Maria pero no vi a l\xe2\x80\xa6 https://t.co/YaLtKsqJAY'"
2020-10-22 00:23:46,"b'@adamonzon A muchas personas les gusta retar las inclemencias,la Autoridad. Recuerden los que supuestamente falleci\xe2\x80\xa6 https://t.co/nxlfXtzjoL'"
2020-10-21 23:40:17,"b'RT @notiseis360pr: Fueron muchos los j\xc3\xb3venes que dejaron solos a sus ""viejitos"" en la b\xc3\xbasqueda de nuevos horizontes tras la devastaci\xc3\xb3n que\xe2\x80\xa6'"
2020-10-21 23:39:24,"b'RT @notiseis360pr: Fueron muchos los j\xc3\xb3venes que dejaron solos a sus ""viejitos"" en la b\xc3\xbasqueda de nuevos horizontes tras la devastaci\xc3\xb3n que\xe2\x80\xa6'"
2020-10-21 23:35:26,"b'Fueron muchos los j\xc3\xb3venes que dejaron solos a sus ""viejitos"" en la b\xc3\xbasqueda de nuevos horizontes tras la devastaci\xc3\xb3\xe2\x80\xa6 https://t.co/4BnXLuoDNR'"
2020-10-21 22:58:11,b'RT @QuiquitoMelende: En la presentaci\xc3\xb3n del plan de trabajo que realiz\xc3\xb3 la alcaldesa @mayitaalcaldesa para la reconstrucci\xc3\xb3n de Ponce luego\xe2\x80\xa6'
2020-10-21 22:36:12,"b'RT @VillafanePR: \xc2\xa1La Perla del Sur se recontruye! Hoy estuve acompa\xc3\xb1ando a la alcaldesa de Ponce, @mayitaalcaldesa, quien present\xc3\xb3 su plan\xe2\x80\xa6'"
2020-10-21 22:36:04,b'RT @QuiquitoMelende: En la presentaci\xc3\xb3n del plan de trabajo que realiz\xc3\xb3 la alcaldesa @mayitaalcaldesa para la reconstrucci\xc3\xb3n de Ponce luego\xe2\x80\xa6'
2020-10-21 22:21:50,b'RT @QuiquitoMelende: En la presentaci\xc3\xb3n del plan de trabajo que realiz\xc3\xb3 la alcaldesa @mayitaalcaldesa para la reconstrucci\xc3\xb3n de Ponce luego\xe2\x80\xa6'
2020-10-21 21:32:59,b'Luego del \xe2\x80\x9cHurac\xc3\xa1n Maria\xe2\x80\x9d llam\xc3\xa9 a @VentoAlejandro y le ped\xc3\xad  que me ayudara a encontrar la direcci\xc3\xb3n de mis nuevas\xe2\x80\xa6 https://t.co/gLlB3Z5Zre'
2020-10-21 21:16:44,b'En la presentaci\xc3\xb3n del plan de trabajo que realiz\xc3\xb3 la alcaldesa @mayitaalcaldesa para la reconstrucci\xc3\xb3n de Ponce lu\xe2\x80\xa6 https://t.co/E6c12EuLuY'
2020-10-21 21:01:30,b'RT @VPITV: #NoticiasVPItv Emisi\xc3\xb3n Central | Tormenta Epsilon se convirti\xc3\xb3 en hurac\xc3\xa1n categor\xc3\xada 1.\n\nCon\xc3\xa9ctate a nuestra se\xc3\xb1al #EnVivo aqu\xc3\xad h\xe2\x80\xa6'
2020-10-21 20:47:16,b'RT @WKAQ580: La Gobernadora pide mediante carta a los 78 alcaldes que rindan cuentas en 30 dias sobre los proyectos de recuperaci\xc3\xb3n para cu\xe2\x80\xa6'
2020-10-21 20:46:11,"b'RT @VillafanePR: \xc2\xa1La Perla del Sur se recontruye! Hoy estuve acompa\xc3\xb1ando a la alcaldesa de Ponce, @mayitaalcaldesa, quien present\xc3\xb3 su plan\xe2\x80\xa6'"
2020-10-21 20:38:51,b'RT @WKAQ580: La Gobernadora pide mediante carta a los 78 alcaldes que rindan cuentas en 30 dias sobre los proyectos de recuperaci\xc3\xb3n para cu\xe2\x80\xa6'
2020-10-21 20:37:49,b'La Gobernadora pide mediante carta a los 78 alcaldes que rindan cuentas en 30 dias sobre los proyectos de recuperac\xe2\x80\xa6 https://t.co/LVfenqlBN0'
2020-10-21 20:30:55,b'RT @A_S_Minlok: 154km / h el hurac\xc3\xa1n i\xc3\xb1aki de miami la verdad qu\xc3\xa9 triste'
2020-10-21 20:21:53,"b'Los proyectos peque\xc3\xb1os de recuperaci\xc3\xb3n son los que se estiman en $123,100 o menos y el 90% del dinero aprobado se d\xe2\x80\xa6 https://t.co/q5QVWI4JMP'"
2020-10-21 20:06:50,b'\xf0\x9f\x87\xb5\xf0\x9f\x87\xb7ASIENDO PATRIA UNA SOLA BANDERA\xf0\x9f\x87\xb5\xf0\x9f\x87\xb7\nRECORDEMOS NO OLVIDEMOS\xf0\x9f\x92\x94\n\nHurac\xc3\xa1n Mar\xc3\xada\xe2\x9c\x94\nTemblores en el sur del pa\xc3\xads\xe2\x9c\x94 \nProfec\xc3\xad\xe2\x80\xa6 https://t.co/9LOz1OheOm'
2020-10-21 19:54:25,b'Luego del hurac\xc3\xa1n Maria tuvimos la oportunidad de trabajar con @elonmusk y @tesla para una verdadera transformaci\xc3\xb3n\xe2\x80\xa6 https://t.co/JzLyRjMP0i'
2020-10-21 19:51:07,"b'RT @VillafanePR: \xc2\xa1La Perla del Sur se recontruye! Hoy estuve acompa\xc3\xb1ando a la alcaldesa de Ponce, @mayitaalcaldesa, quien present\xc3\xb3 su plan\xe2\x80\xa6'"
2020-10-21 19:19:31,"b'RT @VillafanePR: \xc2\xa1La Perla del Sur se recontruye! Hoy estuve acompa\xc3\xb1ando a la alcaldesa de Ponce, @mayitaalcaldesa, quien present\xc3\xb3 su plan\xe2\x80\xa6'"
2020-10-21 19:15:23,b'\xf0\x9f\x8e\xb1 El observatorio de Arecibo vuelve a la vida tras el hurac\xc3\xa1n Mar\xc3\xada... https://t.co/AFpnkru7Ip'
2020-10-21 19:04:30,"b'RT @VillafanePR: \xc2\xa1La Perla del Sur se recontruye! Hoy estuve acompa\xc3\xb1ando a la alcaldesa de Ponce, @mayitaalcaldesa, quien present\xc3\xb3 su plan\xe2\x80\xa6'"
2020-10-21 19:00:00,b'GOBIERNO.\nLa gobernadora @wandavazquezg  envi\xc3\xb3 misivas a los 78 alcaldes de la isla para conocer el estatus de los\xe2\x80\xa6 https://t.co/lBIWHHKjqt'
2020-10-21 18:51:46,"b'RT @VillafanePR: \xc2\xa1La Perla del Sur se recontruye! Hoy estuve acompa\xc3\xb1ando a la alcaldesa de Ponce, @mayitaalcaldesa, quien present\xc3\xb3 su plan\xe2\x80\xa6'"
2020-10-21 18:44:43,"b'RT @VillafanePR: \xc2\xa1La Perla del Sur se recontruye! Hoy estuve acompa\xc3\xb1ando a la alcaldesa de Ponce, @mayitaalcaldesa, quien present\xc3\xb3 su plan\xe2\x80\xa6'"
2020-10-21 18:40:14,"b'RT @VillafanePR: \xc2\xa1La Perla del Sur se recontruye! Hoy estuve acompa\xc3\xb1ando a la alcaldesa de Ponce, @mayitaalcaldesa, quien present\xc3\xb3 su plan\xe2\x80\xa6'"
2020-10-21 18:34:37,"b'\xc2\xa1La Perla del Sur se recontruye! Hoy estuve acompa\xc3\xb1ando a la alcaldesa de Ponce, @mayitaalcaldesa, quien present\xc3\xb3 s\xe2\x80\xa6 https://t.co/mLtdAYy5lG'"
2020-10-21 18:29:37,b'\xf0\x9f\x8e\xb1 El observatorio de Arecibo vuelve a la vida tras el hurac\xc3\xa1n Mar\xc3\xada... https://t.co/1hsHRmdVeQ'
2020-10-21 17:28:26,"b'RT @JoseADelgadoEND: ""Ninguna cantidad de dinero puede ocultar el desprecio y el maltrato de Donald Trump hacia Puerto Rico despu\xc3\xa9s del hur\xe2\x80\xa6'"
2020-10-21 17:28:21,b'Pues ella fue quien hizo el huracan Maria \xf0\x9f\x98\xb3 https://t.co/LX1dhg6nZL'
2020-10-21 17:20:21,b'RT @fortalezapr: [Comunicado de prensa] Gobernadora @wandavazquezg solicita estatus de los proyectos de reparaci\xc3\xb3n y construcci\xc3\xb3n por da\xc3\xb1os\xe2\x80\xa6'
2020-10-21 17:18:47,b'RT @fortalezapr: [Comunicado de prensa] Gobernadora @wandavazquezg solicita estatus de los proyectos de reparaci\xc3\xb3n y construcci\xc3\xb3n por da\xc3\xb1os\xe2\x80\xa6'
2020-10-21 17:18:30,b'Gobernadora solicita estatus de los proyectos de reparaci\xc3\xb3n y construcci\xc3\xb3n por da\xc3\xb1os provocados por el hurac\xc3\xa1n Mar\xc3\xad\xe2\x80\xa6 https://t.co/HhDUA0LQgR'
2020-10-21 17:15:56,b'Los fondos federales de FEMA para la reconstrucci\xc3\xb3n por los da\xc3\xb1os del hurac\xc3\xa1n Mar\xc3\xada comenzaron a llegar. Quienes so\xe2\x80\xa6 https://t.co/iiJjVNEFm5'
2020-10-21 17:10:00,b'La gobernadora Wanda V\xc3\xa1zquez Garced envi\xc3\xb3 misivas a los 78 alcaldes para conocer el estatus de los proyectos de rec\xe2\x80\xa6 https://t.co/59Q3aD4gBH'
2020-10-21 17:03:12,b'Ponce es el municipio que ha logrado el mayor pareo de fondos asignados para un total de 147 proyectos de reparaci\xc3\xb3\xe2\x80\xa6 https://t.co/0TJwEwvhSa'
2020-10-21 16:55:52,b'Gobernadora solicita estatus de los proyectos de reparaci\xc3\xb3n y construcci\xc3\xb3n por da\xc3\xb1os provocados por el hurac\xc3\xa1n Mar\xc3\xad\xe2\x80\xa6 https://t.co/pvnlMCZUy7'
2020-10-21 16:52:33,b'Gobernadora solicita estatus de proyectos municipales de da\xc3\xb1os por Hurac\xc3\xa1n Mar\xc3\xada https://t.co/15FwKYCgav Via\xe2\x80\xa6 https://t.co/O2szhY9EF0'
2020-10-21 16:48:17,b'Gobernadora le pide a alcaldes estatus de proyectos de reconstrucci\xc3\xb3n por da\xc3\xb1os del hurac\xc3\xa1n Mar\xc3\xada -\xe2\x80\xa6 https://t.co/xaqaLv0Gfs'
2020-10-21 16:46:06,"b'#Yucat\xc3\xa1n |\xc2\xa0Mar\xc3\xada Fritz Sierra, present\xc3\xb3 ante autoridades federales la solicitud de Declaratoria de Desastre Natural\xe2\x80\xa6 https://t.co/NfhwvoNkaA'"
2020-10-21 16:43:38,b'RT @fortalezapr: [Comunicado de prensa] Gobernadora @wandavazquezg solicita estatus de los proyectos de reparaci\xc3\xb3n y construcci\xc3\xb3n por da\xc3\xb1os\xe2\x80\xa6'
2020-10-21 16:27:17,b'Gobernadora\xc2\xa0 solicita estatus de los proyectos de reparaci\xc3\xb3n y construcci\xc3\xb3n por da\xc3\xb1os provocados por el hurac\xc3\xa1n Mar\xe2\x80\xa6 https://t.co/yQSyvtIENZ'
2020-10-21 16:25:47,b'Gobernadora solicita estatus de proyectos municipales de da\xc3\xb1os por Hurac\xc3\xa1n\xc2\xa0Mar\xc3\xada https://t.co/Nwu6uJtbHy'
2020-10-21 16:23:25,b'[Comunicado de prensa] Gobernadora @wandavazquezg solicita estatus de los proyectos de reparaci\xc3\xb3n y construcci\xc3\xb3n po\xe2\x80\xa6 https://t.co/pM7qPFBFpe'
2020-10-21 16:22:43,b'https://t.co/OAeYpT8O5t'
2020-10-21 16:08:39,"b'pudiste haber arreglado parque el doble A corrido despu\xc3\xa9s qu\xc3\xa9 pas\xc3\xb3 el Hurac\xc3\xa1n Mar\xc3\xada, y lo vienes hacer ahora un mes\xe2\x80\xa6 https://t.co/rQkn62Hc48'"
